topic,url,page_type,primary_keyword,secondary_keywords,intent,funnel,parent,internal_links,schema,priority,status,expert_input_required,business_claims_required
Vedic Astrology Pillar,/astrology,Pillar Page,vedic astrology consultation,astrology consultant bangalore; online kundli consultation; janam patrika analysis,Commercial Investigation,TOFU/MOFU,/,/locations/bangalore/astrology;/astrology/birth-chart;/astrology/career;/astrology/business;/astrology/marriage;/insights/astrology-vs-vastu-difference-and-synthesis;/contact,"Service, FAQPage, BreadcrumbList",P0,Live,No,Verified
Bangalore Astrology Desk,/locations/bangalore/astrology,Local Service Landing,astrology consultation in bangalore,astrologer in bangalore; vedic astrology bangalore; in person astrology consultation bengaluru,Local / Transactional,BOFU,/locations/bangalore,/astrology;/locations/bangalore;/astrology/birth-chart;/astrology/career;/contact,"LocalBusiness, Service, FAQPage, BreadcrumbList",P0,Live,No,Verified
Birth Chart & Kundli Analysis,/astrology/birth-chart,Specialized Service,birth chart analysis bangalore,janam kundli reading; lagna chart consultation; 12 houses analysis; planetary positions reading,Transactional,BOFU,/astrology,/astrology;/locations/bangalore/astrology;/astrology/career;/insights/what-is-vedic-astrology-birth-chart-guide;/contact,"Service, FAQPage, BreadcrumbList",P1,Live,No,Verified
Career Astrology Guidance,/astrology/career,Specialized Service,career astrology consultation bangalore,career guidance astrology; professional timing astrology; 10th house horoscope analysis; job transition astrology,Transactional,BOFU,/astrology,/astrology;/astrology/business;/locations/bangalore/astrology;/insights/career-astrology-professional-path-guidelines;/contact,"Service, FAQPage, BreadcrumbList",P1,Live,No,Verified
Business Astrology Advisory,/astrology/business,Specialized Service,business astrology consultant bangalore,entrepreneur horoscope consultation; new venture launch timing; partnership compatibility astrology; commercial timing,Transactional,BOFU,/astrology,/astrology;/vastu/commercial;/vastu/corporate;/astrology/career;/locations/bangalore/astrology;/contact,"Service, FAQPage, BreadcrumbList",P1,Live,No,Verified
Marriage & Relationship Compatibility,/astrology/marriage,Specialized Service,marriage astrology consultation bangalore,kundli milan bangalore; relationship compatibility astrology; 7th house horoscope analysis; marital harmony guidance,Transactional,BOFU,/astrology,/astrology;/astrology/birth-chart;/locations/bangalore/astrology;/contact,"Service, FAQPage, BreadcrumbList",P1,Live,No,Verified
Wealth & Financial Decision Timing,/astrology/wealth,Consolidated Service Section,wealth astrology consultation,dhana yoga analysis; financial timing horoscope; 2nd and 11th house interpretation,Transactional,BOFU,/astrology,/astrology;/astrology/career;/contact,"Service, FAQPage",P2,Consolidated into /astrology,No,Verified
Education & Higher Learning Guidance,/astrology/education,Consolidated Service Section,education astrology consultation,study timing astrology; 5th house horoscope; academic stream selection,Informational / Commercial,MOFU,/astrology,/astrology;/astrology/career;/contact,"Service, FAQPage",P2,Consolidated into /astrology,No,Verified
Property & Real Estate Timing,/astrology/property,Consolidated Service Section,property astrology consultation,4th house property purchase; real estate timing horoscope; asset acquisition timing,Commercial / Transactional,MOFU,/astrology,/astrology;/vastu/residential;/contact,"Service, FAQPage",P2,Consolidated into /astrology & /vastu/residential,No,Verified
Life Path & Personal Purpose,/astrology/life-path,Consolidated Service Section,life path astrology reading,purpose of life kundli; dasha transitions guidance; self awareness horoscope,Informational / Commercial,MOFU,/astrology,/astrology;/insights/understanding-dasha-cycles-and-transitions;/contact,"Service, FAQPage",P2,Consolidated into /astrology,No,Verified
What Is Vedic Astrology & Birth Chart Guide,/insights/what-is-vedic-astrology-birth-chart-guide,Editorial Guide,what is vedic astrology,what is a birth chart; how to read janam kundli; 12 houses vedic astrology; lagna chart meaning,Informational,TOFU,/insights,/astrology;/astrology/birth-chart;/locations/bangalore/astrology;/contact,"BlogPosting, FAQPage, BreadcrumbList",P1,Live,No,Verified
Career Astrology & Professional Alignment Guide,/insights/career-astrology-professional-path-guidelines,Editorial Guide,career astrology guidance,10th house career astrology; saturn career timing; finding career direction horoscope,Informational,TOFU/MOFU,/insights,/astrology/career;/astrology;/contact,"BlogPosting, FAQPage, BreadcrumbList",P1,Live,No,Verified
Astrology vs Vastu Difference and Synthesis,/insights/astrology-vs-vastu-difference-and-synthesis,Editorial Guide,astrology vs vastu,difference between astrology and vastu; how astrology and vastu work together; astro vastu connection,Informational / Commercial,MOFU,/insights,/astrology;/vastu-services;/vastu/residential;/locations/bangalore/astrology;/contact,"BlogPosting, FAQPage, BreadcrumbList",P1,Live,No,Verified
Understanding Dasha Cycles & Transitions,/insights/understanding-dasha-cycles-and-transitions,Editorial Guide,understanding dasha cycles,mahadasha antardasha meaning; planetary dasha transitions; saturn sade sati explanation,Informational,TOFU,/insights,/astrology;/astrology/birth-chart;/contact,"BlogPosting, FAQPage, BreadcrumbList",P2,Live,No,Verified
