topic,url,page_type,primary_keyword,secondary_keywords,local_intent,unique_local_value,service,internal_links,schema,status,owner_verification_required
Bangalore Local Authority Hub,/locations/bangalore,Master Hub,vastu consultant bangalore,vastu consultant bengaluru; best vastu consultant in bangalore; certified vastu consultant bangalore,Local / Commercial / Transactional,Central authority hub anchoring verified headquarters (Dasarahalli 560024) and all 5 local service lines across Bengaluru,Multi-Service Master Hub,/locations/bangalore/residential-vastu;/locations/bangalore/commercial-vastu;/locations/bangalore/industrial-vastu;/locations/bangalore/vastu-audit;/locations/bangalore/astrology;/contact,"LocalBusiness, BreadcrumbList, FAQPage",Live,No
Bangalore Residential Vastu,/locations/bangalore/residential-vastu,Local Service Landing,residential vastu consultant bangalore,home vastu bangalore; apartment vastu bangalore; flat vastu bangalore; villa vastu consultant bangalore,Local / Transactional,Focuses on high-rise tech apartments and gated villas across Bangalore with non-demolition remedies,Residential Vastu,/locations/bangalore;/vastu/residential;/vastu/apartment-vastu;/contact,"LocalBusiness, Service, FAQPage, BreadcrumbList",Live,No
Bangalore Commercial Vastu,/locations/bangalore/commercial-vastu,Local Service Landing,commercial vastu consultant bangalore,office vastu consultant bangalore; corporate vastu consultant bangalore; startup office vastu bangalore,Local / Transactional,Focuses on IT tech corridors (HSR, Koramangala, Whitefield, CBD) and executive cabin layouts,Commercial Vastu,/locations/bangalore;/vastu/commercial;/vastu/corporate;/contact,"LocalBusiness, Service, FAQPage, BreadcrumbList",Live,No
Bangalore Industrial Vastu,/locations/bangalore/industrial-vastu,Local Service Landing,industrial vastu consultant bangalore,factory vastu consultant bangalore; warehouse vastu bangalore; peenya factory vastu; bommasandra plant vastu,Local / Transactional,Focuses on heavy machinery grounding and electrical substations across Peenya, Bommasandra, Bidadi, and Nelamangala,Industrial Vastu,/locations/bangalore;/vastu/industrial;/contact,"LocalBusiness, Service, FAQPage, BreadcrumbList",Live,No
Bangalore Vastu Energy Audit,/locations/bangalore/vastu-audit,Local Service Landing,vastu audit bangalore,scientific vastu consultant bangalore; geopathic stress scanning bangalore; 16 zone energy audit bangalore,Local / Diagnostic / Transactional,On-site technical diagnostics using calibrated digital compass sensors and earth radiation detection across Bengaluru,Vastu Energy Audit,/locations/bangalore;/vastu-services/vastu-audit;/contact,"LocalBusiness, Service, FAQPage, BreadcrumbList",Live,No
Bangalore Vedic Astrology Desk,/locations/bangalore/astrology,Local Service Landing,astrology consultation in bangalore,astrologer in bangalore; vedic astrology bangalore; in person astrology consultation bengaluru,Local / Transactional,In-person consultations at Dasarahalli desk and video sessions for tech professionals,Vedic Astrology,/locations/bangalore;/astrology;/astrology/birth-chart;/astrology/career;/contact,"LocalBusiness, Service, FAQPage, BreadcrumbList",Live,No
Indiranagar Service Area Profile,/locations/indiranagar,Locality Service Area,vastu consultant indiranagar bangalore,indiranagar vastu; 100ft road office vastu; defence colony villa vastu,Local / Commercial,Addresses heritage bungalow redevelopments, commercial boutique retail, and 100ft Road commercial properties,Service Area (East),/locations/bangalore;/locations/bangalore/residential-vastu;/contact,"LocalBusiness, BreadcrumbList, FAQPage",Live,No
HSR Layout Service Area Profile,/locations/hsr-layout,Locality Service Area,vastu consultant hsr layout bangalore,hsr layout vastu; startup office vastu hsr; sector 1-7 villa vastu,Local / Commercial,Addresses multi-story tech startup offices, irregular corner plots, and founder workstation alignments,Service Area (South-East),/locations/bangalore;/locations/bangalore/commercial-vastu;/contact,"LocalBusiness, BreadcrumbList, FAQPage",Live,No
Koramangala Service Area Profile,/locations/koramangala,Locality Service Area,vastu consultant koramangala,koramangala vastu; commercial high street vastu; block 1-8 apartment vastu,Local / Commercial,Addresses high-density apartment balconies, commercial dining spaces, and executive residences,Service Area (South),/locations/bangalore;/locations/bangalore/commercial-vastu;/contact,"LocalBusiness, BreadcrumbList, FAQPage",Live,No
Whitefield Service Area Profile,/locations/whitefield,Locality Service Area,vastu consultant whitefield,whitefield vastu; itpb tech park vastu; gated community villa vastu whitefield,Local / Commercial,Addresses sprawling gated villa communities, open-plan floor layouts, and high EMF proximity near tech parks,Service Area (East),/locations/bangalore;/locations/bangalore/residential-vastu;/contact,"LocalBusiness, BreadcrumbList, FAQPage",Live,No
