competitor_topic,competitor_format,7rays_status,7rays_url,gap_type,action_recommendation,priority,strategic_advantage
Best Vastu Consultant in Bangalore,Dedicated Local Page,Covered,https://7raysastrovastu.com/locations/bangalore,Local Content,Maintain as core regional authority hub with genuine Google Maps pin,P0,Authoritative address (560024) and verified consultant credentials
Residential Vastu Consultancy,Broad Service Page,Covered,https://7raysastrovastu.com/vastu/residential,Service,Develop deep room-by-room supporting sub-cluster,P0,Proprietary non-demolition methodology
Commercial Vastu Consultancy,Broad Service Page,Covered,https://7raysastrovastu.com/vastu/commercial,Service,Expand enterprise tech park and B2B startup positioning,P0,Strong focus on cash flow and leadership psychology
Industrial & Factory Vastu,Broad Service Page,Covered,https://7raysastrovastu.com/vastu/industrial,Service,Target Peenya and Bommasandra manufacturing zones contextually,P1,Clear heavy machinery and plant floor weighting rules
Room-by-Room Vastu: Master Bedroom,Article / Sub-page,Covered,https://7raysastrovastu.com/insights/residential-vastu/master-bedroom-vastu,Article,Publish illustrated compass degree and bed placement guide,P1,Non-demolition elemental balancing for existing apartments
Room-by-Room Vastu: Kitchen (Agni),Article / Sub-page,Covered,https://7raysastrovastu.com/insights/residential-vastu/kitchen-vastu-fire-element,Article,Provide alternative remedies for northeast/southwest kitchens,P1,Specific brass and green marble strip corrections
Room-by-Room Vastu: Main Entrance (32 Padas),Article / Sub-page,Covered,https://7raysastrovastu.com/insights/residential-vastu/main-entrance-vastu-padas,Article,Include 32 padavinyasa chart and threshold remediation,P1,High technical precision without superstition
Room-by-Room Vastu: Toilet & Drainage,Article / Sub-page,Covered,https://7raysastrovastu.com/insights/residential-vastu/bathroom-toilet-vastu-remedies,Article,Detail zero-breakage wire bounding and crystal neutralizing,P1,High-intent problem solving for existing apartment leases
Room-by-Room Vastu: Pooja Room,Article / Sub-page,Covered,https://7raysastrovastu.com/insights/residential-vastu/pooja-room-vastu,Article,Clarify Ishan corner and modern compact apartment mandir setups,P2,Culturally grounded guidance for urban families
Room-by-Room Vastu: Staircase,Article / Sub-page,Covered,https://7raysastrovastu.com/insights/residential-vastu/staircase-vastu-guidelines,Article,Publish clockwise step calculation and internal duplex rules,P2,Clear architectural weight distribution guidance
Directional Vastu: North Facing House,Article / Sub-page,Covered,https://7raysastrovastu.com/insights/residential-vastu/north-facing-house-vastu,Article,Detail Kuber wealth zone and entrance pada optimization,P1,Floor plan orientation blueprint
Directional Vastu: South Facing House Myths,Article / Sub-page,Covered,https://7raysastrovastu.com/insights/residential-vastu/south-facing-house-vastu-myth-vs-reality,Article,Debunk fear-mongering and explain positive south padas,P1,Builds immense client trust by removing irrational fears
Directional Vastu: East & West Facing,Article / Sub-page,Covered,https://7raysastrovastu.com/insights/residential-vastu/east-facing-house-vastu,Article,Publish dedicated solar and mercantile gain orientations,P2,Balanced directional portfolio
Apartment & High-Rise Flat Vastu,Thin section on site,Covered,https://7raysastrovastu.com/vastu/apartment-vastu,Service,Position as specialized core service for urban buyers,P0,Competitor treats as afterthought; 7Rays makes it a major pillar
New Construction Blueprint Vastu,Sub-section,Covered,https://7raysastrovastu.com/vastu/new-construction,Service,Target architects and home builders before foundation laying,P1,Direct collaboration with architectural CAD drawings
Residential Plot Selection,Sub-section,Covered,https://7raysastrovastu.com/vastu/plot-selection,Service,Provide soil slope and shape evaluation protocols,P1,High commercial value for luxury villa plots
Geopathic Stress & Earth Energy,Missing on competitor,Covered,https://7raysastrovastu.com/vastu/audit,Service,Position as scientific electronic scanning differentiator,P0,Major competitive moat; competitor has no scanner technology
Vastu Remedies Without Demolition,Vague claim,Covered,https://7raysastrovastu.com/vastu/remedies,Service,Provide transparent breakdown of elemental remedies,P0,Explicit transparent remedial methodology without structural damage
Vedic Astrology Integration (Astro-Vastu),Weak / Separate,Covered,https://7raysastrovastu.com/astrology,Service,Synthesize natal horoscope with 16 Vastu directional zones,P0,Unique dual-mastery of space and planetary timing
Corporate Office & Executive Cabins,Broad article,Covered,https://7raysastrovastu.com/vastu/corporate,Service,Dedicated service for startup tech founders and enterprise leaders,P1,Focus on executive decision-making and cash flow liquidity
Showroom & Retail Store Vastu,Generic article,Covered,https://7raysastrovastu.com/insights/commercial-vastu/retail-store-and-showroom-vastu,Article,Analyze customer footfall pathing and cash register zones,P2,Practical retail commerce conversion guidance
Restaurant & Hospitality Vastu,Generic article,Covered,https://7raysastrovastu.com/insights/commercial-vastu/restaurant-and-hospitality-vastu,Article,Kitchen fire placement and customer dwell time optimization,P2,High-ticket hospitality niche
Co-Working Space Vastu,Missing on competitor,Covered,https://7raysastrovastu.com/insights/commercial-vastu/co-working-space-vastu-principles,Article,Modern guide for shared workstations and startup incubators,P2,Ahead of market on modern flexible work spaces
Mass City / Country Doorway Pages,50+ thin doorway pages,Omitted by Design,N/A,Anti-Spam Compliance,Do NOT replicate thin doorway spam; maintain single authentic Bangalore hub,P0,Complies strictly with Google Doorway Abuse guidelines
Online Floor Plan Consultation Process,Text paragraph,Covered,https://7raysastrovastu.com/process,FAQ / Service,Clear digital consultation workflow with secure CAD upload,P1,Superior digital customer experience for global and NRI clients
Client Privacy & NDA Protections,Missing on competitor,Covered,https://7raysastrovastu.com/privacy-policy,FAQ / Trust,Explicit confidentiality clause for enterprise and high-profile clients,P1,Critical trust factor for luxury homeowners and corporate executives
Vastu Audit Checklist,Missing on competitor,Covered,https://7raysastrovastu.com/vastu/audit,FAQ / Article,Interactive and downloadable pre-consultation preparation checklist,P2,High utility asset that earns natural editorial backlinks
