topic,url,page_type,primary_keyword,secondary_keywords,intent,funnel,parent,internal_links,schema,priority,status,expert_input_required
Residential Vastu Pillar,https://7raysastrovastu.com/vastu/residential,Pillar Service Page,residential vastu consultant bangalore,home vastu bangalore; residential vastu shastra; vastu consultant for home,Commercial Investigation,MOFU,/,/vastu/apartment-vastu;/vastu/remedies;/locations/bangalore/residential-vastu;/contact,Service; FAQPage; BreadcrumbList,P0,Live / Enhanced,NO
Apartment & Flat Vastu,https://7raysastrovastu.com/vastu/apartment-vastu,Specialized Service Page,apartment vastu bangalore,vastu for flats bangalore; high rise apartment vastu; flat layout vastu,Commercial / Local,BOFU,/vastu/residential,/vastu/residential;/vastu/remedies;/locations/bangalore/residential-vastu;/contact,Service; FAQPage; BreadcrumbList,P0,Live / Implemented,NO
Bangalore Residential Vastu,https://7raysastrovastu.com/locations/bangalore/residential-vastu,Local Service Landing,residential vastu consultant in bangalore,home vastu bangalore; apartment vastu consultant bangalore; onsite home vastu visit bengaluru,Local Transactional,BOFU,/locations/bangalore,/vastu/residential;/locations/bangalore;/contact,Service; LocalBusiness; FAQPage; BreadcrumbList,P0,Live / Implemented,NO
New Home & Construction Vastu,https://7raysastrovastu.com/vastu/new-construction,Specialized Service Page,vastu for new house construction,vastu house plan design; architectural vastu planning; foundation vastu,Commercial Investigation,MOFU,/vastu/residential,/vastu/plot-selection;/vastu/residential;/contact,Service; FAQPage; BreadcrumbList,P1,Roadmap,NO
Plot Selection Vastu,https://7raysastrovastu.com/vastu/plot-selection,Specialized Service Page,plot vastu consultation bangalore,vastu for residential plots; site selection vastu; plot slope energy,Commercial Investigation,MOFU,/vastu/residential,/vastu/new-construction;/vastu/residential;/contact,Service; FAQPage; BreadcrumbList,P1,Roadmap,NO
Non-Demolition Vastu Remedies,https://7raysastrovastu.com/vastu/remedies,Specialized Service Page,vastu remedies without demolition,non demolition vastu solutions; vastu elemental correction; residential vastu remedies,Commercial Investigation,BOFU,/,/vastu/residential;/vastu/audit;/contact,Service; FAQPage; BreadcrumbList,P0,Roadmap,NO
Master Bedroom Vastu Guide,https://7raysastrovastu.com/insights/master-bedroom-vastu-guidelines,Editorial Guide,master bedroom vastu direction,bed placement vastu; southwest bedroom vastu rules; sleeping direction vastu,Informational,TOFU,/vastu/residential,/vastu/residential;/insights/kitchen-vastu-direction-guide;/contact,BlogPosting; BreadcrumbList,P1,Live / Implemented,NO
Kitchen Vastu & Fire Element,https://7raysastrovastu.com/insights/kitchen-vastu-direction-guide,Editorial Guide,kitchen vastu direction,southeast kitchen vastu; agni corner placement; gas stove direction vastu,Informational,TOFU,/vastu/residential,/vastu/residential;/insights/master-bedroom-vastu-guidelines;/contact,BlogPosting; BreadcrumbList,P1,Live / Implemented,NO
Toilet & Bathroom Vastu Remedies,https://7raysastrovastu.com/insights/bathroom-toilet-vastu-remedies,Editorial Guide,toilet vastu remedies without demolition,bathroom direction vastu; northwest toilet vastu; northeast toilet remedy,Informational / Commercial,MOFU,/vastu/residential,/vastu/residential;/vastu/remedies;/contact,BlogPosting; BreadcrumbList,P1,Live / Implemented,NO
North Facing House Vastu Blueprint,https://7raysastrovastu.com/insights/north-facing-house-vastu-plan,Editorial Guide,north facing house vastu plan,is north facing house good; north entrance vastu; kuber zone vastu,Informational / Commercial,MOFU,/vastu/residential,/vastu/residential;/insights/south-facing-house-vastu-myths;/contact,BlogPosting; BreadcrumbList,P1,Live / Implemented,NO
South Facing House Vastu Myths vs Reality,https://7raysastrovastu.com/insights/south-facing-house-vastu-myths,Editorial Guide,south facing house vastu myths,is south facing house bad in vastu; south 3rd pada; vithetha entrance,Informational,TOFU,/vastu/residential,/vastu/residential;/insights/north-facing-house-vastu-plan;/contact,BlogPosting; BreadcrumbList,P1,Live / Implemented,NO
Main Entrance 32 Padas Guide,https://7raysastrovastu.com/insights/main-entrance-vastu-padas,Editorial Guide,main entrance vastu,32 padas vastu; main door direction vastu; padavinyasa grid,Informational / Commercial,MOFU,/vastu/residential,/vastu/residential;/contact,BlogPosting; BreadcrumbList,P1,Roadmap,NO
Pooja Room & Mandir Placement,https://7raysastrovastu.com/insights/pooja-room-vastu,Editorial Guide,pooja room vastu direction,mandir placement in home; northeast pooja room; home temple vastu,Informational,TOFU,/vastu/residential,/vastu/residential;/contact,BlogPosting; BreadcrumbList,P2,Roadmap,NO
Home Office & Study Desk Vastu,https://7raysastrovastu.com/insights/home-office-study-room-vastu,Editorial Guide,home office vastu direction,study room vastu for students; wfh desk vastu; north desk placement,Informational,TOFU,/vastu/residential,/vastu/residential;/contact,BlogPosting; BreadcrumbList,P2,Roadmap,NO
Staircase Placement & Weight Rules,https://7raysastrovastu.com/insights/staircase-vastu-guidelines,Editorial Guide,staircase vastu rules,internal staircase vastu; south west staircase direction; clockwise steps,Informational,TOFU,/vastu/residential,/vastu/residential;/contact,BlogPosting; BreadcrumbList,P2,Roadmap,NO
Balcony & Terrace Energy Inflow,https://7raysastrovastu.com/insights/balcony-terrace-vastu,Editorial Guide,balcony vastu direction,north facing balcony vastu; east balcony plants; apartment balcony vastu,Informational,TOFU,/vastu/residential,/vastu/apartment-vastu;/contact,BlogPosting; BreadcrumbList,P2,Roadmap,NO
Villa & Luxury Duplex Vastu,https://7raysastrovastu.com/vastu/residential#villa-vastu,Section on Pillar,villa vastu consultant bangalore,luxury villa vastu; duplex home vastu; private garden vastu,Commercial Investigation,MOFU,/vastu/residential,/locations/bangalore/residential-vastu;/contact,Embedded on Pillar,P2,Live / Embedded,NO
Living Room Seating & Social Energy,https://7raysastrovastu.com/insights/living-room-vastu,Editorial Guide,living room vastu tips,living room seating direction vastu; north east living room,Informational,TOFU,/vastu/residential,/vastu/residential;/contact,BlogPosting; BreadcrumbList,P3,Roadmap,NO
Kids Bedroom & Education Vastu,https://7raysastrovastu.com/insights/kids-room-vastu,Editorial Guide,kids bedroom vastu direction,children study table vastu; west bedroom for kids,Informational,TOFU,/vastu/residential,/vastu/residential;/contact,BlogPosting; BreadcrumbList,P3,Roadmap,NO
East Facing House Vastu Guidelines,https://7raysastrovastu.com/insights/east-facing-house-vastu,Editorial Guide,east facing house vastu plan,east facing main door vastu; sun energy vastu; east balcony,Informational / Commercial,MOFU,/vastu/residential,/vastu/residential;/contact,BlogPosting; BreadcrumbList,P2,Roadmap,NO
West Facing House Vastu for Gains,https://7raysastrovastu.com/insights/west-facing-house-vastu,Editorial Guide,west facing house vastu guidelines,west entrance vastu benefits; varun pada vastu; profitability,Informational,TOFU,/vastu/residential,/vastu/residential;/contact,BlogPosting; BreadcrumbList,P2,Roadmap,NO
