keyword,primary_url,secondary_url,intent,keyword_type,topic_cluster,location,content_type,commercial_intent,priority,parent_topic,supporting_topics,schema_type,internal_link_targets,cannibalization_risk,notes
vastu consultant bangalore,https://7raysastrovastu.com/locations/bangalore,https://7raysastrovastu.com/,Local / Transactional,Head,Bangalore Hub,Bangalore,Service Landing,BOFU,P0,Local SEO,Residential Vastu; Commercial Vastu; Vastu Audit,LocalBusiness; FAQPage,/vastu/residential;/vastu/commercial;/contact,Low,Primary high-intent regional keyword for Bangalore
vastu consultant bengaluru,https://7raysastrovastu.com/locations/bangalore,https://7raysastrovastu.com/,Local / Transactional,Secondary Variation,Bangalore Hub,Bengaluru,Service Landing,BOFU,P0,Local SEO,Residential Vastu; Commercial Vastu,LocalBusiness,/vastu/residential;/vastu/commercial;/contact,Low,Regional language variant mapped to Bangalore master hub
best vastu consultant in bangalore,https://7raysastrovastu.com/locations/bangalore,https://7raysastrovastu.com/about/rishwa-sinha,Commercial Investigation,Superlative,Bangalore Hub,Bangalore,Service Landing,MOFU,P0,Local SEO,Verified Experience; E-E-A-T Credentials,LocalBusiness; Person,/about/rishwa-sinha;/case-studies;/contact,Low,Commercial evaluation query comparing local practitioners
certified vastu consultant bangalore,https://7raysastrovastu.com/about/rishwa-sinha,https://7raysastrovastu.com/locations/bangalore,Commercial Investigation,Entity Credential,E-E-A-T,Bangalore,Person Profile,MOFU,P0,Entity Authority,Rishwa Sinha Profile; Certifications,Person; ProfilePage,/locations/bangalore;/process;/contact,Low,Entity verification query mapped to consultant credential page
vastu expert bangalore,https://7raysastrovastu.com/locations/bangalore,https://7raysastrovastu.com/about,Commercial Investigation,Broad Query,Bangalore Hub,Bangalore,Service Landing,MOFU,P1,Local SEO,Consultancy Services; Founder Expertise,LocalBusiness,/about;/vastu/audit;/contact,Low,Broad commercial intent query for local expert
scientific vastu consultant bangalore,https://7raysastrovastu.com/vastu/audit,https://7raysastrovastu.com/locations/bangalore,Commercial Investigation,Differentiator,Vastu Audit,Bangalore,Service Page,MOFU,P0,Vastu Audit,Energy Scanning; Non-demolition,Service; FAQPage,/locations/bangalore;/process;/contact,Low,Distinct intent emphasizing scientific instruments over superstition
residential vastu consultant bangalore,https://7raysastrovastu.com/locations/bangalore/residential-vastu,https://7raysastrovastu.com/vastu/residential,Local / Transactional,Core Service,Residential Vastu,Bangalore,Local Service Landing,BOFU,P0,Residential Vastu,Home Vastu; Apartment Vastu,Service; LocalBusiness,/vastu/residential;/contact,Low,Primary commercial query for residential homeowners in Bangalore
home vastu bangalore,https://7raysastrovastu.com/locations/bangalore/residential-vastu,https://7raysastrovastu.com/vastu/residential,Local / Commercial,Core Service,Residential Vastu,Bangalore,Local Service Landing,BOFU,P1,Residential Vastu,Villa Vastu; Independent House,Service; LocalBusiness,/vastu/residential;/contact,Low,Common residential query mapped to local residential service
residential vastu shastra,https://7raysastrovastu.com/vastu/residential,https://7raysastrovastu.com/insights/residential-vastu/7-vastu-principles,Informational / Commercial,Head,Residential Vastu,Global / India,Pillar Page,TOFU,P0,Residential Vastu,Room Orientations; 16 Zones,Service; FAQPage;/vastu/apartment-vastu;/vastu/remedies;/contact,Low,National/global topical authority pillar page
apartment vastu bangalore,https://7raysastrovastu.com/vastu/apartment-vastu,https://7raysastrovastu.com/locations/bangalore/residential-vastu,Local / Commercial,Specialized Service,Residential Vastu,Bangalore,Specialized Service Page,BOFU,P0,Residential Vastu,High Rise Living; Balcony Facing,Service; FAQPage,/vastu/residential;/contact,Low,High demand urban specific query for apartment buyers
vastu for flats bangalore,https://7raysastrovastu.com/vastu/apartment-vastu,https://7raysastrovastu.com/locations/bangalore/residential-vastu,Commercial Investigation,Synonym,Residential Vastu,Bangalore,Specialized Service Page,BOFU,P1,Residential Vastu,Flat Layout; Entrance Pada,Service; FAQPage,/vastu/residential;/contact,Low,Synonym cleanly mapped to apartment vastu page
villa vastu consultant bangalore,https://7raysastrovastu.com/vastu/residential,https://7raysastrovastu.com/locations/bangalore/residential-vastu,Commercial Investigation,Property Subtype,Residential Vastu,Bangalore,Pillar Page,MOFU,P1,Residential Vastu,Duplex Vastu; Garden Vastu,Service,/case-studies/whitefield-apartment-health-harmony;/contact,Low,Addressed as a core architectural segment on residential pillar
vastu for new house construction,https://7raysastrovastu.com/vastu/new-construction,https://7raysastrovastu.com/vastu/plot-selection,Commercial Investigation,Pre-Construction,Residential Vastu,Global / India,Specialized Service Page,MOFU,P1,Residential Vastu,Architectural Blueprint; Foundation Energy,Service; FAQPage,/vastu/plot-selection;/contact,Low,Distinct search intent for architectural pre-planning
vastu for existing home without demolition,https://7raysastrovastu.com/vastu/remedies,https://7raysastrovastu.com/insights/residential-vastu/vastu-remedies-without-demolition,Commercial Investigation,Remedial,Vastu Remedies,Global / India,Specialized Service Page,BOFU,P0,Vastu Remedies,Elemental Balancing; Metal Strips,Service; FAQPage,/vastu/residential;/contact,Low,Core USP query for existing property modifications
plot vastu consultation bangalore,https://7raysastrovastu.com/vastu/plot-selection,https://7raysastrovastu.com/locations/bangalore,Commercial / Transactional,Land Selection,Property Vastu,Bangalore,Specialized Service Page,BOFU,P1,Property Vastu,Soil Testing; Slope Energy; Shape Vastu,Service; FAQPage,/vastu/new-construction;/contact,Low,Dedicated query for land selection before building
commercial vastu consultant bangalore,https://7raysastrovastu.com/locations/bangalore/commercial-vastu,https://7raysastrovastu.com/vastu/commercial,Local / Transactional,Core Service,Commercial Vastu,Bangalore,Local Service Landing,BOFU,P0,Commercial Vastu,Office Vastu; Tech Park Vastu,Service; LocalBusiness,/vastu/commercial;/contact,Low,High-ticket local B2B commercial intent
commercial vastu shastra,https://7raysastrovastu.com/vastu/commercial,https://7raysastrovastu.com/insights/commercial-vastu/retail-store-and-showroom-vastu,Informational / Commercial,Head,Commercial Vastu,Global / India,Pillar Page,TOFU,P0,Commercial Vastu,Cash Flow; Leadership Seating,Service; FAQPage,/vastu/corporate;/vastu/audit;/contact,Low,National/global B2B topical authority pillar
office vastu consultant bangalore,https://7raysastrovastu.com/locations/bangalore/commercial-vastu,https://7raysastrovastu.com/vastu/corporate,Local / Transactional,Specialized Service,Commercial Vastu,Bangalore,Local Service Landing,BOFU,P1,Commercial Vastu,Startup Office; IT Layout,Service; LocalBusiness,/vastu/corporate;/contact,Low,Dedicated local workplace query
corporate vastu consultant bangalore,https://7raysastrovastu.com/vastu/corporate,https://7raysastrovastu.com/locations/bangalore/commercial-vastu,Commercial Investigation,Enterprise,Corporate Vastu,Bangalore,Specialized Service Page,BOFU,P1,Corporate Vastu,Boardroom Seating; Employee Retention,Service; FAQPage,/vastu/commercial;/contact,Low,Enterprise enterprise search intent
retail store vastu tips,https://7raysastrovastu.com/insights/commercial-vastu/retail-store-and-showroom-vastu,https://7raysastrovastu.com/vastu/commercial,Informational,Long-tail Guide,Commercial Vastu,Global / India,Editorial Article,TOFU,P2,Commercial Vastu,Showroom Entrance; Cash Counter,BlogPosting,/vastu/commercial;/contact,Low,Retail commerce guide targeting footfall
showroom vastu consultant,https://7raysastrovastu.com/insights/commercial-vastu/retail-store-and-showroom-vastu,https://7raysastrovastu.com/vastu/commercial,Commercial Investigation,Long-tail Service,Commercial Vastu,Bangalore,Editorial Article,MOFU,P2,Commercial Vastu,Display Counters; Customer Dwell,BlogPosting,/vastu/commercial;/contact,Low,Long-tail commercial retail query
restaurant vastu guidelines,https://7raysastrovastu.com/insights/commercial-vastu/restaurant-and-hospitality-vastu,https://7raysastrovastu.com/vastu/commercial,Informational / Commercial,Niche Guide,Commercial Vastu,Global / India,Editorial Article,TOFU,P2,Commercial Vastu,Kitchen Agni Zone; Seating Flow,BlogPosting,/vastu/commercial;/contact,Low,Hospitality niche targeting restaurant owners
hotel vastu consultancy,https://7raysastrovastu.com/insights/commercial-vastu/restaurant-and-hospitality-vastu,https://7raysastrovastu.com/vastu/commercial,Commercial Investigation,Enterprise,Commercial Vastu,Bangalore,Editorial Article,MOFU,P2,Commercial Vastu,Reception Desk; Guest Rooms,BlogPosting,/vastu/commercial;/contact,Low,Hospitality enterprise query
industrial vastu consultant bangalore,https://7raysastrovastu.com/locations/bangalore/industrial-vastu,https://7raysastrovastu.com/vastu/industrial,Local / Transactional,Core B2B,Industrial Vastu,Bangalore,Local Service Landing,BOFU,P1,Industrial Vastu,Factory Vastu; Warehouse Layout,Service; LocalBusiness,/vastu/industrial;/contact,Low,Manufacturing sector commercial query
factory vastu consultancy,https://7raysastrovastu.com/vastu/industrial,https://7raysastrovastu.com/insights/commercial-vastu/factory-machinery-and-raw-material-vastu,Commercial Investigation,B2B Facility,Industrial Vastu,Global / India,Specialized Service Page,BOFU,P1,Industrial Vastu,Heavy Machinery; Transformer Direction,Service; FAQPage,/locations/bangalore/industrial-vastu;/contact,Low,Plant engineering and industrial production intent
warehouse vastu shastra,https://7raysastrovastu.com/vastu/industrial,https://7raysastrovastu.com/locations/bangalore/industrial-vastu,Commercial Investigation,Logistics,Industrial Vastu,Global / India,Specialized Service Page,MOFU,P2,Industrial Vastu,Inventory Storage; Loading Bay Direction,Service; FAQPage,/vastu/industrial;/contact,Low,Logistics and warehousing layout intent
scientific vastu energy audit,https://7raysastrovastu.com/vastu/audit,https://7raysastrovastu.com/locations/bangalore/vastu-audit,Commercial Investigation,Diagnostic,Vastu Audit,Global / India,Diagnostic Service Page,BOFU,P0,Vastu Audit,16 Directional Zones; Scanner Probes,Service; FAQPage,/locations/bangalore/vastu-audit;/contact,Low,Technical diagnostic query
geopathic stress scanning bangalore,https://7raysastrovastu.com/locations/bangalore/vastu-audit,https://7raysastrovastu.com/insights/how-geopathic-stress-causes-insomnia-and-fatigue,Local / Commercial,Diagnostic,Vastu Audit,Bangalore,Local Service Landing,BOFU,P1,Vastu Audit,Underground Water Lines; Earth Radiation,Service; LocalBusiness,/vastu/audit;/contact,Low,Scientific health-related environmental scanning query
vastu remedies without demolition,https://7raysastrovastu.com/vastu/remedies,https://7raysastrovastu.com/insights/residential-vastu/vastu-remedies-without-demolition,Commercial Investigation,Remedial USP,Vastu Remedies,Global / India,Specialized Service Page,BOFU,P0,Vastu Remedies,Brass Strips; Crystal Neutralizers,Service; FAQPage,/vastu/residential;/vastu/commercial;/contact,Low,Proprietary non-destructive remediation USP
master bedroom vastu direction,https://7raysastrovastu.com/insights/residential-vastu/master-bedroom-vastu,https://7raysastrovastu.com/vastu/residential,Informational,Long-tail Guide,Residential Vastu,Global / India,Editorial Article,TOFU,P1,Residential Vastu,Bed Placement; Sleeping Direction,BlogPosting,/vastu/residential;/contact,Low,Popular residential query with dedicated room guide
kitchen vastu direction,https://7raysastrovastu.com/insights/residential-vastu/kitchen-vastu-fire-element,https://7raysastrovastu.com/vastu/residential,Informational,Long-tail Guide,Residential Vastu,Global / India,Editorial Article,TOFU,P1,Residential Vastu,Agni Corner; Gas Stove Placement,BlogPosting,/vastu/residential;/contact,Low,Evergreen home interior informational query
main entrance vastu,https://7raysastrovastu.com/insights/residential-vastu/main-entrance-vastu-padas,https://7raysastrovastu.com/vastu/residential,Informational / Commercial,Long-tail Guide,Residential Vastu,Global / India,Editorial Article,TOFU,P1,Residential Vastu,32 Padas; Main Door Threshold,BlogPosting,/vastu/residential;/contact,Low,Critical architectural decision query
toilet vastu remedies without demolition,https://7raysastrovastu.com/insights/residential-vastu/bathroom-toilet-vastu-remedies,https://7raysastrovastu.com/vastu/remedies,Informational / Commercial,Problem Solving,Residential Vastu,Global / India,Editorial Article,MOFU,P1,Residential Vastu,North East Toilet Remedy; Zinc Strips,BlogPosting,/vastu/remedies;/contact,Low,Very high problem-solving intent for existing flaws
north facing house vastu plan,https://7raysastrovastu.com/insights/residential-vastu/north-facing-house-vastu,https://7raysastrovastu.com/vastu/residential,Informational / Commercial,Directional,Residential Vastu,Global / India,Editorial Article,MOFU,P1,Residential Vastu,Kuber Zone; North Main Door,BlogPosting,/vastu/residential;/contact,Low,Highest searched house directional orientation
south facing house vastu myths,https://7raysastrovastu.com/insights/residential-vastu/south-facing-house-vastu-myth-vs-reality,https://7raysastrovastu.com/vastu/residential,Informational,Directional / Fear Reduction,Residential Vastu,Global / India,Editorial Article,TOFU,P1,Residential Vastu,Vithetha Pada; South Entrance Prosperity,BlogPosting,/vastu/residential;/contact,Low,Counter-intuitive myth debunking guide
east facing house vastu plan,https://7raysastrovastu.com/insights/residential-vastu/east-facing-house-vastu,https://7raysastrovastu.com/vastu/residential,Informational / Commercial,Directional,Residential Vastu,Global / India,Editorial Article,MOFU,P2,Residential Vastu,Sun Energy; East Balcony,BlogPosting,/vastu/residential;/contact,Low,Primary orientation guide
west facing house vastu guidelines,https://7raysastrovastu.com/insights/residential-vastu/west-facing-house-vastu,https://7raysastrovastu.com/vastu/residential,Informational,Directional,Residential Vastu,Global / India,Editorial Article,TOFU,P2,Residential Vastu,Varun Zone; Gain & Profitability,BlogPosting,/vastu/residential;/contact,Low,Commercial and career-focused house orientation
pooja room vastu direction,https://7raysastrovastu.com/insights/residential-vastu/pooja-room-vastu,https://7raysastrovastu.com/vastu/residential,Informational,Room Guide,Residential Vastu,Global / India,Editorial Article,TOFU,P2,Residential Vastu,Ishan Corner; Mandir Placement,BlogPosting,/vastu/residential;/contact,Low,Essential devotional space query
living room vastu tips,https://7raysastrovastu.com/insights/residential-vastu/living-room-vastu,https://7raysastrovastu.com/vastu/residential,Informational,Room Guide,Residential Vastu,Global / India,Editorial Article,TOFU,P3,Residential Vastu,Sofa Seating Direction; North West Living,BlogPosting,/vastu/residential;/contact,Low,Lifestyle home decor query
home office vastu direction,https://7raysastrovastu.com/insights/residential-vastu/home-office-study-room-vastu,https://7raysastrovastu.com/vastu/residential,Informational / Commercial,WFH Query,Residential Vastu,Global / India,Editorial Article,MOFU,P2,Residential Vastu,Work Desk Direction; Study Concentration,BlogPosting,/vastu/residential;/contact,Low,High relevance for Bangalore tech workforce
staircase vastu rules,https://7raysastrovastu.com/insights/residential-vastu/staircase-vastu-guidelines,https://7raysastrovastu.com/vastu/residential,Informational,Structural Query,Residential Vastu,Global / India,Editorial Article,TOFU,P3,Residential Vastu,Clockwise Steps; South West Staircase,BlogPosting,/vastu/residential;/contact,Low,Technical architectural construction query
balcony vastu direction,https://7raysastrovastu.com/insights/residential-vastu/balcony-terrace-vastu,https://7raysastrovastu.com/vastu/residential,Informational,Apartment Query,Residential Vastu,Global / India,Editorial Article,TOFU,P3,Residential Vastu,North East Openness; Plants Direction,BlogPosting,/vastu/residential;/contact,Low,Urban apartment open space query
vedic astrology consultation bangalore,https://7raysastrovastu.com/locations/bangalore/astrology,https://7raysastrovastu.com/astrology,Local / Transactional,Head,Astrology,Bangalore,Local Service Landing,BOFU,P0,Vedic Astrology,Janam Kundli; Planetary Dasha,Service; LocalBusiness,/astrology;/contact,Low,Primary regional astrology query
astrology consultant bangalore,https://7raysastrovastu.com/locations/bangalore/astrology,https://7raysastrovastu.com/astrology,Local / Commercial,Core Service,Astrology,Bangalore,Local Service Landing,BOFU,P0,Vedic Astrology,Horoscope Reading; Astrologer Bengaluru,Service; LocalBusiness,/astrology;/contact,Low,Local professional search intent
vedic astrology consultation,https://7raysastrovastu.com/astrology,https://7raysastrovastu.com/astrology/birth-chart,Commercial Investigation,Head,Astrology,Global / India,Pillar Page,TOFU,P0,Vedic Astrology,Parashari Astrology; KP System,Service; FAQPage,/astrology/career;/astrology/marriage;/contact,Low,Topical authority pillar for astrology
birth chart analysis bangalore,https://7raysastrovastu.com/astrology/birth-chart,https://7raysastrovastu.com/locations/bangalore/astrology,Transactional / Local,Core Offering,Astrology,Bangalore,Specialized Service Page,BOFU,P1,Vedic Astrology,Lagna Chart; Navamsha Analysis,Service; FAQPage,/astrology;/contact,Low,Targeted horoscope reading query
career astrology consultation bangalore,https://7raysastrovastu.com/astrology/career,https://7raysastrovastu.com/locations/bangalore/astrology,Transactional / Local,Specialized Advisory,Astrology,Bangalore,Specialized Service Page,BOFU,P1,Vedic Astrology,Job Change Prediction; 10th House D10,Service; FAQPage,/astrology;/contact,Low,Top-demanded consultation service in Bangalore
business astrology consultant bangalore,https://7raysastrovastu.com/astrology/business,https://7raysastrovastu.com/locations/bangalore/astrology,Transactional / Local,Enterprise Advisory,Astrology,Bangalore,Specialized Service Page,BOFU,P1,Vedic Astrology,Muhurtha for Launch; 7th House Partnership,Service; FAQPage,/astrology;/contact,Low,High-intent startup founder advisory query
marriage astrology consultation bangalore,https://7raysastrovastu.com/astrology/marriage,https://7raysastrovastu.com/locations/bangalore/astrology,Transactional / Local,Matchmaking,Astrology,Bangalore,Specialized Service Page,BOFU,P1,Vedic Astrology,Kundli Milan; Navamsha Harmony,Service; FAQPage,/astrology;/contact,Low,Evergreen marriage compatibility query
wealth astrology consultation,https://7raysastrovastu.com/astrology/wealth,https://7raysastrovastu.com/astrology,Commercial / Transactional,Financial Advisory,Astrology,Global / India,Specialized Service Page,BOFU,P2,Vedic Astrology,2nd and 11th House; Dhana Yogas,Service; FAQPage,/astrology;/contact,Low,Financial investment timing query
life path astrology reading,https://7raysastrovastu.com/astrology/life-path,https://7raysastrovastu.com/astrology,Informational / Commercial,Purpose Advisory,Astrology,Global / India,Specialized Service Page,MOFU,P2,Vedic Astrology,Dasha Transitions; Spiritual Alignment,Service; FAQPage,/astrology;/contact,Low,Personal development horoscope query
understanding dasha cycles,https://7raysastrovastu.com/insights/astrology/understanding-dasha-cycles-and-transitions,https://7raysastrovastu.com/astrology,Informational,Educational Guide,Astrology,Global / India,Editorial Article,TOFU,P2,Vedic Astrology,Mahadasha Meaning; Antardasha Shifts,BlogPosting,/astrology;/contact,Low,Informational educational query
astro vastu connection,https://7raysastrovastu.com/insights/astrology/planetary-influences-on-residential-spaces,https://7raysastrovastu.com/vastu/residential,Informational / Commercial,Bridge Concept,Astrology & Vastu,Global / India,Editorial Article,MOFU,P1,Astro-Vastu,Planets in House Directions; Kundli Vastu,BlogPosting,/vastu/residential;/astrology;/contact,Low,Proprietary synthesis connecting natal planets to space
vastu consultant indiranagar bangalore,https://7raysastrovastu.com/locations/indiranagar,https://7raysastrovastu.com/locations/bangalore,Local / Commercial,Micro-Market,Bangalore Hub,Indiranagar,Micro-Local Page,BOFU,P2,Local SEO,100ft Road Boutiques; Defence Colony Villas,LocalBusiness; FAQPage,/locations/bangalore;/contact,Low,High-density commercial locality query
vastu consultant hsr layout bangalore,https://7raysastrovastu.com/locations/hsr-layout,https://7raysastrovastu.com/locations/bangalore,Local / Commercial,Micro-Market,Bangalore Hub,HSR Layout,Micro-Local Page,BOFU,P2,Local SEO,Startup Sector Offices; Duplex Villas,LocalBusiness; FAQPage,/locations/bangalore;/contact,Low,Tech startup hub commercial query
vastu consultant koramangala,https://7raysastrovastu.com/locations/koramangala,https://7raysastrovastu.com/locations/bangalore,Local / Commercial,Micro-Market,Bangalore Hub,Koramangala,Micro-Local Page,BOFU,P2,Local SEO,Commercial High Street; Venture Offices,LocalBusiness; FAQPage,/locations/bangalore;/contact,Low,High-value commercial restaurant and office query
vastu consultant whitefield,https://7raysastrovastu.com/locations/whitefield,https://7raysastrovastu.com/locations/bangalore,Local / Commercial,Micro-Market,Bangalore Hub,Whitefield,Micro-Local Page,BOFU,P2,Local SEO,ITPB Tech Parks; Gated Community Villas,LocalBusiness; FAQPage,/locations/bangalore;/contact,Low,Gated luxury villa community query
