topic,proposed_url,page_type,search_intent,parent,primary_keyword,secondary_keywords,standalone_page_yes_no,reason,cannibalization_risk,priority
Home,/,Homepage,Navigational / Brand,None,vastu consultant bangalore,7rays astro vastu; vastu shastra bangalore; certified vastu consultant,YES,Primary root brand and local authority entry point,Low,P0
About Us,/about,Brand Authority,Informational,/,about 7rays astro vastu,vastu consultancy bangalore; rishwa sinha story,YES,Foundational brand credibility and philosophy page,Low,P1
Rishwa Sinha Profile,/about/rishwa-sinha,E-E-A-T Person Profile,Navigational / Informational,/about,rishwa sinha vastu consultant,certified vastu consultant bangalore; rishwa sinha qualifications,YES,Essential E-E-A-T person entity anchor for Google Knowledge Graph,Low,P0
Consultation Process,/process,Process / How-To,Informational / Commercial,/,vastu consultation process,scientific vastu methodology; 16 zone vastu audit process,YES,Reduces friction by explaining step-by-step audit protocols,Low,P2
The 7 Rays Philosophy,/the-7-rays,Philosophy / Concept,Informational,/,seven rays vastu philosophy,cosmic energy rays; vastu principles,YES,Proprietary branding concept page explaining cosmic ray harmonization,Low,P2
Contact Us,/contact,Conversion / Inquiry,Transactional,/,book vastu consultation bangalore,vastu consultant contact; vastu consultation appointment,YES,Primary conversion inquiry desk with consultation form and Google Maps reference,Low,P0
Dedicated Booking Desk,/consultation,Conversion Flow,Transactional,/,schedule vastu consultation,online vastu consultation booking; vast appointment,YES,Dedicated high-conversion landing page for direct appointment bookings,Low,P1
Residential Vastu Pillar,/vastu/residential,Service Pillar,Commercial Investigation,/,residential vastu consultant bangalore,home vastu bangalore; residential vastu shastra,YES,Major core pillar page anchoring all home-related Vastu topics,Low,P0
Apartment Vastu,/vastu/apartment-vastu,Specialized Service,Commercial / Local,/vastu/residential,apartment vastu bangalore,vastu for flats bangalore; high rise apartment vastu,YES,High search volume and distinct intent specific to modern urban apartment living,Medium,P1
New Construction Vastu,/vastu/new-construction,Specialized Service,Commercial Investigation,/vastu/residential,vastu for new house construction,vastu house plan design; architectural vastu planning,YES,Distinct intent for pre-construction planning and architectural blueprint alignment,Low,P1
Plot Selection Vastu,/vastu/plot-selection,Specialized Service,Commercial Investigation,/vastu/residential,plot vastu consultation bangalore,vastu for residential plots; site selection vastu,YES,High commercial intent for buyers evaluating land before purchase,Low,P1
Villa Vastu,/vastu/residential#villa-vastu,Section on Pillar,Commercial Investigation,/vastu/residential,villa vastu consultant bangalore,luxury villa vastu; duplex home vastu,NO,Better consolidated within Residential Pillar to prevent thin content overlap,High,P2
Flat Vastu,/vastu/apartment-vastu,Redirect / Alias,Commercial Investigation,/vastu/residential,vastu for flats bangalore,apartment vastu rules; flat layout vastu,NO,Consolidated into Apartment Vastu page to eliminate cannibalization,High,P1
Master Bedroom Vastu,/insights/residential-vastu/master-bedroom-vastu,Editorial Article,Informational,/vastu/residential,master bedroom vastu direction,bed placement vastu; southwest bedroom vastu rules,YES,Specific informational query best served by deep illustrated guide with diagrams,Low,P2
Kitchen Vastu & Fire Element,/insights/residential-vastu/kitchen-vastu-fire-element,Editorial Article,Informational,/vastu/residential,kitchen vastu direction,southeast kitchen vastu; agni corner placement,YES,Very popular informational search intent with dedicated elemental guidance,Low,P2
Main Entrance Vastu Padas,/insights/residential-vastu/main-entrance-vastu-padas,Editorial Article,Informational,/vastu/residential,main entrance vastu,32 padas vastu; main door direction vastu,YES,Technical query requiring compass degree breakdown and padavinyasa chart,Low,P1
Living Room Vastu,/insights/residential-vastu/living-room-vastu,Editorial Article,Informational,/vastu/residential,living room vastu tips,living room seating direction vastu; north east living room,YES,High search volume informational home interior query,Low,P3
Pooja Room Vastu,/insights/residential-vastu/pooja-room-vastu,Editorial Article,Informational,/vastu/residential,pooja room vastu direction,mandir placement in home; northeast pooja room,YES,Culturally critical topic requiring dedicated orientation guidance,Low,P2
Bathroom & Toilet Vastu,/insights/residential-vastu/bathroom-toilet-vastu-remedies,Editorial Article,Informational,/vastu/residential,toilet vastu remedies without demolition,bathroom direction vastu; northwest toilet vastu,YES,Extremely high-intent problem-solving query addressing negative placements,Low,P1
Home Office & Study Vastu,/insights/residential-vastu/home-office-study-room-vastu,Editorial Article,Informational,/vastu/residential,home office vastu direction,study room vastu for students; wfh desk vastu,YES,Growing post-pandemic query for Bangalore IT professionals and students,Low,P2
Staircase Vastu,/insights/residential-vastu/staircase-vastu-guidelines,Editorial Article,Informational,/vastu/residential,staircase vastu rules,internal staircase vastu; south west staircase direction,YES,Specific structural query with strict weight and clockwise turning rules,Low,P3
Balcony & Terrace Vastu,/insights/residential-vastu/balcony-terrace-vastu,Editorial Article,Informational,/vastu/residential,balcony vastu direction,north facing balcony vastu; east balcony plants,YES,Strong query for urban apartment dwellers assessing light and open space,Low,P3
North Facing House Vastu,/insights/residential-vastu/north-facing-house-vastu,Editorial Article,Informational,/vastu/residential,north facing house vastu plan,is north facing house good; north entrance vastu,YES,Primary directional search query with high informational intent,Low,P1
East Facing House Vastu,/insights/residential-vastu/east-facing-house-vastu,Editorial Article,Informational,/vastu/residential,east facing house vastu plan,east facing main door vastu; sun energy vastu,YES,Major orientation query demanding detailed floor plan analysis,Low,P2
South Facing House Vastu,/insights/residential-vastu/south-facing-house-vastu-myth-vs-reality,Editorial Article,Informational,/vastu/residential,south facing house vastu myths,is south facing house bad in vastu; south 3rd pada,YES,High curiosity and fear-reduction query explaining positive south padas,Low,P1
West Facing House Vastu,/insights/residential-vastu/west-facing-house-vastu,Editorial Article,Informational,/vastu/residential,west facing house vastu guidelines,west entrance vastu benefits; varun pada vastu,YES,Key directional query addressing profitability and gainful investments,Low,P2
Kids Bedroom Vastu,/insights/residential-vastu/kids-room-vastu,Editorial Article,Informational,/vastu/residential,kids bedroom vastu direction,children study table vastu; west bedroom for kids,YES,High-relevance lifestyle topic for families and parents,Low,P3
Dining Room Vastu,/insights/residential-vastu/dining-room-vastu,Editorial Article,Informational,/vastu/residential,dining table direction vastu,dining room placement vastu; west dining zone,YES,Specific interior orientation query,Low,P3
Commercial Vastu Pillar,/vastu/commercial,Service Pillar,Commercial Investigation,/,commercial vastu consultant bangalore,office vastu bangalore; commercial vastu shastra,YES,Major pillar page targeting business owners, corporates, and retail operators,Low,P0
Corporate Office Vastu,/vastu/corporate,Specialized Service,Commercial / B2B,/vastu/commercial,corporate vastu consultant bangalore,office layout vastu; it park vastu consultancy,YES,High-value enterprise offering focused on leased office spaces and tech hubs,Low,P1
Industrial & Factory Vastu,/vastu/industrial,Specialized Service,Commercial / B2B,/vastu/commercial,industrial vastu consultant bangalore,factory vastu consultancy; warehouse vastu shastra,YES,B2B industrial sector targeting Peenya, Bommasandra, and manufacturing belts,Low,P1
Vastu Energy Audit,/vastu/audit,Diagnostic Service,Commercial / Technical,/,scientific vastu audit bangalore,16 zone digital vastu audit; geopathic stress scanning bangalore,YES,Diagnostic differentiation emphasizing digital CAD mapping and frequency scanners,Low,P0
Vastu Remedies Without Demolition,/vastu/remedies,Specialized Service,Commercial Investigation,/,vastu remedies without demolition,non demolition vastu solutions; vastu elemental correction,YES,Primary unique value proposition distinguishing 7Rays from destructive consultancies,Low,P0
Retail Store & Showroom Vastu,/insights/commercial-vastu/retail-store-and-showroom-vastu,Editorial Article,Commercial Investigation,/vastu/commercial,retail store vastu tips,showroom entrance vastu; cash counter direction vastu,YES,Specific retail commerce query focusing on customer footfall and sales velocity,Low,P2
Executive Cabin Vastu,/insights/commercial-vastu/office-layout-executive-cabin-vastu,Editorial Article,Informational / B2B,/vastu/commercial,md cabin vastu direction,ceo office seating vastu; southwest cabin leadership,YES,Targeted query for senior leadership and business proprietors,Low,P2
Restaurant & Hotel Vastu,/insights/commercial-vastu/restaurant-and-hospitality-vastu,Editorial Article,Commercial Investigation,/vastu/commercial,restaurant vastu guidelines,commercial kitchen vastu; bar counter vastu,YES,High-ticket hospitality niche addressing kitchen fire placement and customer dwell,Low,P2
Co-Working Space Vastu,/insights/commercial-vastu/co-working-space-vastu-principles,Editorial Article,Informational / B2B,/vastu/commercial,coworking space vastu design,shared office energy alignment; open plan desk vastu,YES,Modern Bangalore startup market trend addressing dynamic hot-desking,Low,P3
Factory Machinery Vastu,/insights/commercial-vastu/factory-machinery-and-raw-material-vastu,Editorial Article,Informational / B2B,/vastu/industrial,factory machinery placement vastu,heavy machinery southwest vastu; raw material storage vastu,YES,Technical industrial query for manufacturing plant floor layouts,Low,P2
Vedic Astrology Pillar,/astrology,Service Pillar,Commercial Investigation,/,vedic astrology consultation bangalore,astrology consultant bangalore; online kundli consultation,YES,Major pillar page anchoring the Vedic Astrology service ecosystem,Low,P0
Birth Chart Analysis,/astrology/birth-chart,Specialized Service,Transactional / Local,/astrology,birth chart analysis bangalore,janam kundli reading; lagna chart consultation,YES,Foundational horoscope consultation offering,Low,P1
Career Astrology,/astrology/career,Specialized Service,Transactional / Local,/astrology,career astrology consultation bangalore,job change astrology prediction; promotion timing astrology,YES,Top-requested personal consulting service among Bangalore professionals,Low,P1
Business Astrology,/astrology/business,Specialized Service,Transactional / Local,/astrology,business astrology consultant bangalore,new venture launch timing; business partnership compatibility,YES,High-intent commercial service for entrepreneurs and founders,Low,P1
Marriage & Compatibility,/astrology/marriage,Specialized Service,Transactional / Local,/astrology,marriage astrology consultation bangalore,kundli milan bangalore; relationship compatibility astrology,YES,Traditional evergreen requirement with high search demand,Low,P1
Wealth & Financial Astrology,/astrology/wealth,Specialized Service,Transactional / Local,/astrology,wealth astrology consultation,dhana yoga analysis; financial timing horoscope,YES,Targeted advisory for investments, property acquisition, and asset timing,Low,P2
Life Path & Dasha Guidance,/astrology/life-path,Specialized Service,Informational / Commercial,/astrology,life path astrology reading,planetary dasha forecast; purpose of life kundli,YES,In-depth personal development and timing guidance,Low,P2
Understanding Dasha Cycles,/insights/astrology/understanding-dasha-cycles-and-transitions,Editorial Article,Informational,/astrology,mahadasha antardasha meaning,how dasha affects life; saturn sade sati timing,YES,Informational guide educating clients on cyclic transitions,Low,P2
Astro-Vastu Synergy,/insights/astrology/planetary-influences-on-residential-spaces,Editorial Article,Informational,/astrology,astro vastu connection,planetary directions in house; horoscopic vastu alignment,YES,Key conceptual bridge linking astrology chart to home directional zones,Low,P1
Bangalore Local SEO Hub,/locations/bangalore,Local Pillar Hub,Local Commercial / Transactional,/,vastu consultant in bangalore,best vastu consultant in bangalore; vastu services bengaluru,YES,Core regional authority page anchoring local relevance and Google Maps listing,Low,P0
Residential Vastu Bangalore,/locations/bangalore/residential-vastu,Local Service Landing,Local Transactional,/locations/bangalore,residential vastu consultant in bangalore,apartment vastu consultant bangalore; home vastu audit bengaluru,YES,Captures high-intent local homeowners searching specifically for Bangalore visits,Low,P0
Commercial Vastu Bangalore,/locations/bangalore/commercial-vastu,Local Service Landing,Local Transactional,/locations/bangalore,commercial vastu consultant in bangalore,office vastu consultation bengaluru; corporate vastu bangalore,YES,Captures high-value local commercial business owners and startup founders,Low,P0
Industrial Vastu Bangalore,/locations/bangalore/industrial-vastu,Local Service Landing,Local Transactional,/locations/bangalore,industrial vastu consultant bangalore,factory vastu peenya; industrial vastu bommasandra,YES,Captures industrial manufacturing plants in Peenya, Bommasandra, Hoskote,Low,P1
Vastu Audit Bangalore,/locations/bangalore/vastu-audit,Local Service Landing,Local Transactional,/locations/bangalore,vastu audit in bangalore,geopathic stress scanning bangalore; onsite vastu inspection bengaluru,YES,Dedicated service landing for physical on-site inspections and electronic scanning,Low,P1
Astrology Bangalore,/locations/bangalore/astrology,Local Service Landing,Local Transactional,/locations/bangalore,astrology consultation in bangalore,astrologer in bangalore; in person astrology consultation bengaluru,YES,Captures local demand for face-to-face and local Vedic Astrology advisory,Low,P1
Indiranagar Micro-Hub,/locations/indiranagar,Micro-Local Page,Local Commercial,/locations/bangalore,vastu consultant indiranagar bangalore,indiranagar vastu services; 100ft road office vastu,YES,High-density commercial and affluent residential zone with unique architectural traits,Low,P2
HSR Layout Micro-Hub,/locations/hsr-layout,Micro-Local Page,Local Commercial,/locations/bangalore,vastu consultant hsr layout bangalore,hsr layout startup vastu; sector vastu consultation,YES,Tech startup capital of Bangalore with high commercial consultation demand,Low,P2
Koramangala Micro-Hub,/locations/koramangala,Micro-Local Page,Local Commercial,/locations/bangalore,vastu consultant koramangala,koramangala office vastu; vastu for restaurants koramangala,YES,Bustling commercial high-street and venture capital hub,Low,P2
Whitefield Micro-Hub,/locations/whitefield,Micro-Local Page,Local Commercial,/locations/bangalore,vastu consultant whitefield,whitefield villa vastu; itpb tech park vastu,YES,IT corridor with dense gated communities and expansive luxury villas,Low,P2
